Threads; Size 32; Size 1024; Size 32768; Size 1048576; Size 4194304;
1; 2.176e-06; 0.000280208; 0.0211987; 0.948603; 4.66673;
2; 4.11972e-05; 0.000218859; 0.0136629; 0.561289; 2.67643;
4; 0.000106326; 0.000266179; 0.00877074; 0.394721; 1.77915;
8; 0.000212908; 0.000266754; 0.00777992; 0.29379; 1.50499;
16; 0.000820426; 0.000682223; 0.0065966; 0.275866; 1.44009;
32; 0.00167897; 0.00145506; 0.00670457; 0.270572; 1.33333;
64; 0.00146512; 0.00302018; 0.00768816; 0.27952; 1.33225;
